{"cameraMode":{"drawMode":0,"name":"Shaded","section":"Shading Mode"},"sceneLighting":true,"audioPlay":false,"sceneViewState":{"showFog":true,"showMaterialUpdate":true,"showSkybox":true,"showFlares":true,"showImageEffects":true,"showParticleSystems":true},"in2DMode":false,"pivot":{"x":3127.4482421875,"y":-5379.93603515625,"z":5318.70947265625},"rotation":{"x":0.35178449749946597,"y":0.22076097130775453,"z":-0.08575816452503205,"w":0.9056398272514343},"size":4333.3359375,"orthographic":false}