{"cameraMode":{"drawMode":0,"name":"Shaded","section":"Shading Mode"},"sceneLighting":true,"audioPlay":false,"sceneViewState":{"showFog":true,"showMaterialUpdate":true,"showSkybox":true,"showFlares":true,"showImageEffects":true,"showParticleSystems":true},"in2DMode":false,"pivot":{"x":-5867.1435546875,"y":-316.3712158203125,"z":7375.513671875},"rotation":{"x":0.058285389095544818,"y":-0.37749943137168887,"z":0.02380719594657421,"w":0.9238823056221008},"size":5944.55029296875,"orthographic":false}