{"cameraMode":{"drawMode":0,"name":"Shaded","section":"Shading Mode"},"sceneLighting":true,"audioPlay":false,"sceneViewState":{"showFog":true,"showMaterialUpdate":true,"showSkybox":true,"showFlares":true,"showImageEffects":true,"showParticleSystems":true},"in2DMode":false,"pivot":{"x":1634.8746337890625,"y":-1930.6258544921875,"z":-1752.25732421875},"rotation":{"x":0.09766312688589096,"y":0.8985582590103149,"z":-0.3428442180156708,"w":0.25596216320991518},"size":1711.741943359375,"orthographic":false}